candidate_id,candidate_name,county_fips,latitude,longitude
COUNTY-CENTROID-37001,Alamance County County Centroid,37001,36.043954,-79.400573
COUNTY-CENTROID-37003,Alexander County County Centroid,37003,35.920951,-81.177467
COUNTY-CENTROID-37005,Alleghany County County Centroid,37005,36.489356,-81.132299
COUNTY-CENTROID-37007,Anson County County Centroid,37007,34.974972,-80.109763
COUNTY-CENTROID-37009,Ashe County County Centroid,37009,36.443469,-81.499334
COUNTY-CENTROID-37011,Avery County County Centroid,37011,36.07209,-81.920285
COUNTY-CENTROID-37013,Beaufort County County Centroid,37013,35.482313,-76.842014
COUNTY-CENTROID-37015,Bertie County County Centroid,37015,36.059043,-76.962364
COUNTY-CENTROID-37017,Bladen County County Centroid,37017,34.591938,-78.539489
COUNTY-CENTROID-37019,Brunswick County County Centroid,37019,34.038754,-78.227765
COUNTY-CENTROID-37021,Buncombe County County Centroid,37021,35.609371,-82.530423
COUNTY-CENTROID-37023,Burke County County Centroid,37023,35.746182,-81.70618
COUNTY-CENTROID-37025,Cabarrus County County Centroid,37025,35.388346,-80.552728
COUNTY-CENTROID-37027,Caldwell County County Centroid,37027,35.966396,-81.51254
COUNTY-CENTROID-37029,Camden County County Centroid,37029,36.342344,-76.162488
COUNTY-CENTROID-37031,Carteret County County Centroid,37031,34.858343,-76.53586
COUNTY-CENTROID-37033,Caswell County County Centroid,37033,36.394298,-79.339609
COUNTY-CENTROID-37035,Catawba County County Centroid,37035,35.661883,-81.214906
COUNTY-CENTROID-37037,Chatham County County Centroid,37037,35.704994,-79.251454
COUNTY-CENTROID-37039,Cherokee County County Centroid,37039,35.13715,-84.061449
COUNTY-CENTROID-37041,Chowan County County Centroid,37041,36.128979,-76.602752
COUNTY-CENTROID-37043,Clay County County Centroid,37043,35.052997,-83.752264
COUNTY-CENTROID-37045,Cleveland County County Centroid,37045,35.33463,-81.557114
COUNTY-CENTROID-37047,Columbus County County Centroid,37047,34.261602,-78.639308
COUNTY-CENTROID-37049,Craven County County Centroid,37049,35.116829,-77.08132
COUNTY-CENTROID-37051,Cumberland County County Centroid,37051,35.050192,-78.828719
COUNTY-CENTROID-37053,Currituck County County Centroid,37053,36.372174,-75.941224
COUNTY-CENTROID-37055,Dare County County Centroid,37055,35.606269,-75.767536
COUNTY-CENTROID-37057,Davidson County County Centroid,37057,35.795131,-80.207107
COUNTY-CENTROID-37059,Davie County County Centroid,37059,35.929355,-80.542552
COUNTY-CENTROID-37061,Duplin County County Centroid,37061,34.934403,-77.933543
COUNTY-CENTROID-37063,Durham County County Centroid,37063,36.033828,-78.878125
COUNTY-CENTROID-37065,Edgecombe County County Centroid,37065,35.917077,-77.602742
COUNTY-CENTROID-37067,Forsyth County County Centroid,37067,36.132466,-80.256961
COUNTY-CENTROID-37069,Franklin County County Centroid,37069,36.088247,-78.283082
COUNTY-CENTROID-37071,Gaston County County Centroid,37071,35.292834,-81.177364
COUNTY-CENTROID-37073,Gates County County Centroid,37073,36.442135,-76.702355
COUNTY-CENTROID-37075,Graham County County Centroid,37075,35.348364,-83.830915
COUNTY-CENTROID-37077,Granville County County Centroid,37077,36.299884,-78.657634
COUNTY-CENTROID-37079,Greene County County Centroid,37079,35.481959,-77.681688
COUNTY-CENTROID-37081,Guilford County County Centroid,37081,36.079065,-79.788665
COUNTY-CENTROID-37083,Halifax County County Centroid,37083,36.251438,-77.644842
COUNTY-CENTROID-37085,Harnett County County Centroid,37085,35.36866,-78.871665
COUNTY-CENTROID-37087,Haywood County County Centroid,37087,35.558882,-82.981307
COUNTY-CENTROID-37089,Henderson County County Centroid,37089,35.336427,-82.479583
COUNTY-CENTROID-37091,Hertford County County Centroid,37091,36.363517,-76.981616
COUNTY-CENTROID-37093,Hoke County County Centroid,37093,35.017233,-79.241964
COUNTY-CENTROID-37095,Hyde County County Centroid,37095,35.408157,-76.153687
COUNTY-CENTROID-37097,Iredell County County Centroid,37097,35.806251,-80.874524
COUNTY-CENTROID-37099,Jackson County County Centroid,37099,35.285454,-83.123966
COUNTY-CENTROID-37101,Johnston County County Centroid,37101,35.513419,-78.367348
COUNTY-CENTROID-37103,Jones County County Centroid,37103,35.032268,-77.356195
COUNTY-CENTROID-37105,Lee County County Centroid,37105,35.476336,-79.172117
COUNTY-CENTROID-37107,Lenoir County County Centroid,37107,35.240066,-77.635514
COUNTY-CENTROID-37109,Lincoln County County Centroid,37109,35.488491,-81.226893
COUNTY-CENTROID-37111,McDowell County County Centroid,37111,35.682268,-82.048045
COUNTY-CENTROID-37113,Macon County County Centroid,37113,35.152959,-83.421901
COUNTY-CENTROID-37115,Madison County County Centroid,37115,35.864206,-82.712631
COUNTY-CENTROID-37117,Martin County County Centroid,37117,35.847301,-77.119602
COUNTY-CENTROID-37119,Mecklenburg County County Centroid,37119,35.246862,-80.833832
COUNTY-CENTROID-37121,Mitchell County County Centroid,37121,36.013102,-82.163554
COUNTY-CENTROID-37123,Montgomery County County Centroid,37123,35.327548,-79.910752
COUNTY-CENTROID-37125,Moore County County Centroid,37125,35.308273,-79.492723
COUNTY-CENTROID-37127,Nash County County Centroid,37127,35.965945,-77.987555
COUNTY-CENTROID-37129,New Hanover County County Centroid,37129,34.183445,-77.864204
COUNTY-CENTROID-37131,Northampton County County Centroid,37131,36.421774,-77.398352
COUNTY-CENTROID-37133,Onslow County County Centroid,37133,34.763109,-77.499469
COUNTY-CENTROID-37135,Orange County County Centroid,37135,36.062525,-79.120033
COUNTY-CENTROID-37137,Pamlico County County Centroid,37137,35.147575,-76.665268
COUNTY-CENTROID-37139,Pasquotank County County Centroid,37139,36.265199,-76.260691
COUNTY-CENTROID-37141,Pender County County Centroid,37141,34.512556,-77.888106
COUNTY-CENTROID-37143,Perquimans County County Centroid,37143,36.180897,-76.403244
COUNTY-CENTROID-37145,Person County County Centroid,37145,36.386357,-78.965633
COUNTY-CENTROID-37147,Pitt County County Centroid,37147,35.59249,-77.372739
COUNTY-CENTROID-37149,Polk County County Centroid,37149,35.277901,-82.167621
COUNTY-CENTROID-37151,Randolph County County Centroid,37151,35.709915,-79.806215
COUNTY-CENTROID-37153,Richmond County County Centroid,37153,35.004636,-79.755695
COUNTY-CENTROID-37155,Robeson County County Centroid,37155,34.63921,-79.100881
COUNTY-CENTROID-37157,Rockingham County County Centroid,37157,36.381806,-79.782754
COUNTY-CENTROID-37159,Rowan County County Centroid,37159,35.641355,-80.521721
COUNTY-CENTROID-37161,Rutherford County County Centroid,37161,35.402747,-81.919582
COUNTY-CENTROID-37163,Sampson County County Centroid,37163,34.989298,-78.371261
COUNTY-CENTROID-37165,Scotland County County Centroid,37165,34.840023,-79.477337
COUNTY-CENTROID-37167,Stanly County County Centroid,37167,35.310449,-80.254374
COUNTY-CENTROID-37169,Stokes County County Centroid,37169,36.393797,-80.269921
COUNTY-CENTROID-37171,Surry County County Centroid,37171,36.415416,-80.686463
COUNTY-CENTROID-37173,Swain County County Centroid,37173,35.568849,-83.465614
COUNTY-CENTROID-37175,Transylvania County County Centroid,37175,35.210103,-82.816666
COUNTY-CENTROID-37177,Tyrrell County County Centroid,37177,35.87042,-76.165345
COUNTY-CENTROID-37179,Union County County Centroid,37179,34.99182,-80.530426
COUNTY-CENTROID-37181,Vance County County Centroid,37181,36.365481,-78.405434
COUNTY-CENTROID-37183,Wake County County Centroid,37183,35.789846,-78.650624
COUNTY-CENTROID-37185,Warren County County Centroid,37185,36.398105,-78.099899
COUNTY-CENTROID-37187,Washington County County Centroid,37187,35.844713,-76.572291
COUNTY-CENTROID-37189,Watauga County County Centroid,37189,36.235368,-81.709888
COUNTY-CENTROID-37191,Wayne County County Centroid,37191,35.35419,-78.00867
COUNTY-CENTROID-37193,Wilkes County County Centroid,37193,36.208883,-81.166095
COUNTY-CENTROID-37195,Wilson County County Centroid,37195,35.700357,-77.921598
COUNTY-CENTROID-37197,Yadkin County County Centroid,37197,36.158765,-80.665164
COUNTY-CENTROID-37199,Yancey County County Centroid,37199,35.889326,-82.303954
