county_fips,county_name,state,centroid_lat,centroid_lon,eligible_population,poverty_pct,rurality_index,high_risk_index,population_weight_before,mean_travel_time_minutes_before,p90_travel_time_minutes_before,pct_over_45_minutes_before,travel_time_coverage_before,population_weight_after,mean_travel_time_minutes_after,p90_travel_time_minutes_after,pct_over_45_minutes_after,travel_time_coverage_after,population_nearest_facility_changed,population_newly_over_30_minutes,population_newly_over_45_minutes,population_newly_over_60_minutes,access_metric,mean_travel_time_delta,p90_travel_time_delta,pct_over_threshold_delta,shock_mean_travel_time_component,shock_p90_travel_time_component,shock_threshold_component,deterioration_component,vulnerability_poverty_component,vulnerability_rurality_component,vulnerability_risk_component,vulnerability_component,shock_score,alert_level
37001,Alamance County,NC,36.043954,-79.400573,27653,13.351076,0.813338,0.265511,27653.0,12.823622030159479,22.69447336683417,0.0,1.0,27653.0,12.823622030159479,22.69447336683417,0.0,1.0,0.0,0.0,0.0,0.0,travel_time_minutes,0.0,0.0,0.0,0.0,0.0,0.0,0.0,0.44503586666666667,0.813338,0.265511,0.5016690466666667,0.0,NONE
37003,Alexander County,NC,35.920951,-81.177467,5930,12.571775,0.939686,0.13273,5930.0,27.515758853288368,40.43488888888889,0.0,1.0,5930.0,27.515758853288368,40.43488888888889,0.0,1.0,0.0,0.0,0.0,0.0,travel_time_minutes,0.0,0.0,0.0,0.0,0.0,0.0,0.0,0.4190591666666667,0.939686,0.13273,0.4893484666666667,0.0,NONE
37005,Alleghany County,NC,36.489356,-81.132299,2248,15.979056,0.981761,0.367809,2248.0,16.039951067615657,21.09002860858258,0.0,1.0,2248.0,16.039951067615657,21.09002860858258,0.0,1.0,0.0,0.0,0.0,0.0,travel_time_minutes,0.0,0.0,0.0,0.0,0.0,0.0,0.0,0.5326352,0.981761,0.367809,0.61792508,0.0,NONE
37007,Anson County,NC,34.974972,-80.109763,3544,21.725224,0.984329,0.633073,3544.0,17.873896726862302,24.96200785854617,0.0,1.0,3544.0,17.873896726862302,24.96200785854617,0.0,1.0,0.0,0.0,0.0,0.0,travel_time_minutes,0.0,0.0,0.0,0.0,0.0,0.0,0.0,0.7241741333333334,0.984329,0.633073,0.7748902533333333,0.0,NONE
37009,Ashe County,NC,36.443469,-81.499334,5312,13.490662,0.974645,0.23518,5312.0,19.328335843373495,26.903571428571432,0.0,1.0,5312.0,19.328335843373495,26.903571428571432,0.0,1.0,0.0,0.0,0.0,0.0,travel_time_minutes,0.0,0.0,0.0,0.0,0.0,0.0,0.0,0.44968873333333337,0.974645,0.23518,0.5428229933333333,0.0,NONE
37011,Avery County,NC,36.07209,-81.920285,3000,10.157116,0.970887,0.294143,3000.0,18.721896666666666,31.68730688935282,0.0,1.0,3000.0,18.721896666666666,31.68730688935282,0.0,1.0,0.0,0.0,0.0,0.0,travel_time_minutes,0.0,0.0,0.0,0.0,0.0,0.0,0.0,0.33857053333333337,0.970887,0.294143,0.5149372133333333,0.0,NONE
37013,Beaufort County,NC,35.482313,-76.842014,8658,17.820925,0.979097,0.378357,8658.0,20.197440517440516,37.25898384201077,0.1066066066066066,1.0,8658.0,20.197440517440516,37.25898384201077,0.1066066066066066,1.0,0.0,0.0,0.0,0.0,travel_time_minutes,0.0,0.0,0.0,0.0,0.0,0.0,0.0,0.5940308333333333,0.979097,0.378357,0.6448485333333333,0.0,NONE
37015,Bertie County,NC,36.059043,-76.962364,3311,16.135216,0.992238,0.57504,3311.0,24.286517668378135,34.40279381443299,0.0,1.0,3311.0,24.286517668378135,34.40279381443299,0.0,1.0,0.0,0.0,0.0,0.0,travel_time_minutes,0.0,0.0,0.0,0.0,0.0,0.0,0.0,0.5378405333333334,0.992238,0.57504,0.6853196133333334,0.0,NONE
37017,Bladen County,NC,34.591938,-78.539489,5396,21.961737,0.988037,0.505634,5396.0,20.787144180874723,33.11725660377358,0.0,1.0,5396.0,20.787144180874723,33.11725660377358,0.0,1.0,0.0,0.0,0.0,0.0,travel_time_minutes,0.0,0.0,0.0,0.0,0.0,0.0,0.0,0.7320578999999999,0.988037,0.505634,0.74092446,0.0,NONE
37019,Brunswick County,NC,34.038754,-78.227765,37505,9.232123,0.921747,0.084816,37505.0,21.493467537661644,34.79208955223881,0.0,1.0,37505.0,21.493467537661644,34.79208955223881,0.0,1.0,0.0,0.0,0.0,0.0,travel_time_minutes,0.0,0.0,0.0,0.0,0.0,0.0,0.0,0.3077374333333333,0.921747,0.084816,0.42506387333333334,0.0,NONE
37021,Buncombe County,NC,35.609371,-82.530423,46208,11.835357,0.813252,0.264597,46208.0,15.055177242036013,25.734446601941748,0.020212950138504156,1.0,46208.0,15.055177242036013,25.734446601941748,0.020212950138504156,1.0,0.0,0.0,0.0,0.0,travel_time_minutes,0.0,0.0,0.0,0.0,0.0,0.0,0.0,0.3945119,0.813252,0.264597,0.48115946,0.0,NONE
37023,Burke County,NC,35.746182,-81.70618,15701,15.583884,0.9245,0.269193,15701.0,15.246813578752946,22.878,0.0,1.0,15701.0,15.246813578752946,22.878,0.0,1.0,0.0,0.0,0.0,0.0,travel_time_minutes,0.0,0.0,0.0,0.0,0.0,0.0,0.0,0.5194628,0.9245,0.269193,0.5658930200000001,0.0,NONE
37025,Cabarrus County,NC,35.388346,-80.552728,32937,9.272573,0.705974,0.207127,32937.0,11.905801985608889,16.870115384615385,0.0,1.0,32937.0,11.905801985608889,16.870115384615385,0.0,1.0,0.0,0.0,0.0,0.0,travel_time_minutes,0.0,0.0,0.0,0.0,0.0,0.0,0.0,0.30908576666666665,0.705974,0.207127,0.3975646066666666,0.0,NONE
37027,Caldwell County,NC,35.966396,-81.51254,14506,13.369044,0.925755,0.261383,14506.0,13.280497035709361,21.897150684931507,0.0,1.0,14506.0,13.280497035709361,21.897150684931507,0.0,1.0,0.0,0.0,0.0,0.0,travel_time_minutes,0.0,0.0,0.0,0.0,0.0,0.0,0.0,0.4456348,0.925755,0.261383,0.53439532,0.0,NONE
37029,Camden County,NC,36.342344,-76.162488,1569,6.141805,0.982724,0.0,1569.0,23.365270873167624,27.09505439330544,0.0,1.0,1569.0,23.365270873167624,27.09505439330544,0.0,1.0,0.0,0.0,0.0,0.0,travel_time_minutes,0.0,0.0,0.0,0.0,0.0,0.0,0.0,0.20472683333333333,0.982724,0.0,0.37670793333333336,0.0,NONE
37031,Carteret County,NC,34.858343,-76.53586,14625,10.065732,0.941428,0.186144,14625.0,16.631653333333336,28.71054166666667,0.0534017094017094,1.0,14625.0,16.631653333333336,28.71054166666667,0.0534017094017094,1.0,0.0,0.0,0.0,0.0,travel_time_minutes,0.0,0.0,0.0,0.0,0.0,0.0,0.0,0.3355244,0.941428,0.186144,0.47248136,0.0,NONE
37033,Caswell County,NC,36.394298,-79.339609,4054,18.615854,0.979453,0.366152,4054.0,34.84627775037001,37.965773784355186,0.0,1.0,4054.0,34.84627775037001,37.965773784355186,0.0,1.0,0.0,0.0,0.0,0.0,travel_time_minutes,0.0,0.0,0.0,0.0,0.0,0.0,0.0,0.6205284666666666,0.979453,0.366152,0.6518928866666666,0.0,NONE
37035,Catawba County,NC,35.661883,-81.214906,27028,12.740925,0.817978,0.300558,27028.0,14.478691357111144,22.282191235059763,0.0,1.0,27028.0,14.478691357111144,22.282191235059763,0.0,1.0,0.0,0.0,0.0,0.0,travel_time_minutes,0.0,0.0,0.0,0.0,0.0,0.0,0.0,0.4246975,0.817978,0.300558,0.5054398,0.0,NONE
37037,Chatham County,NC,35.704994,-79.251454,15038,11.045676,0.949896,0.093794,15038.0,19.358232477723103,27.88664583333334,0.0,1.0,15038.0,19.358232477723103,27.88664583333334,0.0,1.0,0.0,0.0,0.0,0.0,travel_time_minutes,0.0,0.0,0.0,0.0,0.0,0.0,0.0,0.3681892,0.949896,0.093794,0.46038267999999993,0.0,NONE
37039,Cherokee County,NC,35.13715,-84.061449,6336,12.363041,0.973884,0.346686,6336.0,22.884075126262626,37.75645986984816,0.0,1.0,6336.0,22.884075126262626,37.75645986984816,0.0,1.0,0.0,0.0,0.0,0.0,travel_time_minutes,0.0,0.0,0.0,0.0,0.0,0.0,0.0,0.4121013666666667,0.973884,0.346686,0.5610115466666666,0.0,NONE
37041,Chowan County,NC,36.128979,-76.602752,2870,19.088905,0.966949,0.660441,2870.0,14.386344947735191,17.175301204819277,0.0,1.0,2870.0,14.386344947735191,17.175301204819277,0.0,1.0,0.0,0.0,0.0,0.0,travel_time_minutes,0.0,0.0,0.0,0.0,0.0,0.0,0.0,0.6362968333333333,0.966949,0.660441,0.7427357333333333,0.0,NONE
37043,Clay County,NC,35.052997,-83.752264,2604,12.884905,0.978841,0.398476,2604.0,25.708786482334872,32.86692355694228,0.0,1.0,2604.0,25.708786482334872,32.86692355694228,0.0,1.0,0.0,0.0,0.0,0.0,travel_time_minutes,0.0,0.0,0.0,0.0,0.0,0.0,0.0,0.4294968333333333,0.978841,0.398476,0.5849938333333333,0.0,NONE
37045,Cleveland County,NC,35.33463,-81.557114,16960,16.597812,0.904431,0.286828,16960.0,12.949889150943395,19.362666666666666,0.0,1.0,16960.0,12.949889150943395,19.362666666666666,0.0,1.0,0.0,0.0,0.0,0.0,travel_time_minutes,0.0,0.0,0.0,0.0,0.0,0.0,0.0,0.5532604,0.904431,0.286828,0.57868186,0.0,NONE
37047,Columbus County,NC,34.261602,-78.639308,8622,18.182198,0.979095,0.32774,8622.0,23.47540477847367,34.96513011152416,0.07144514033866853,1.0,8622.0,23.47540477847367,34.96513011152416,0.07144514033866853,1.0,0.0,0.0,0.0,0.0,travel_time_minutes,0.0,0.0,0.0,0.0,0.0,0.0,0.0,0.6060732666666666,0.979095,0.32774,0.6344798066666667,0.0,NONE
37049,Craven County,NC,35.116829,-77.08132,16368,13.699593,0.93733,0.389287,16368.0,20.071833455522974,37.811419483101396,0.03470185728250244,1.0,16368.0,20.071833455522974,37.811419483101396,0.03470185728250244,1.0,0.0,0.0,0.0,0.0,travel_time_minutes,0.0,0.0,0.0,0.0,0.0,0.0,0.0,0.4566531,0.93733,0.389287,0.5806463399999999,0.0,NONE
37051,Cumberland County,NC,35.050192,-78.828719,42727,16.699668,0.767354,0.428133,42727.0,13.59389051419477,22.662178913738025,0.0,1.0,42727.0,13.59389051419477,22.662178913738025,0.0,1.0,0.0,0.0,0.0,0.0,travel_time_minutes,0.0,0.0,0.0,0.0,0.0,0.0,0.0,0.5566555999999999,0.767354,0.428133,0.5813083399999999,0.0,NONE
37053,Currituck County,NC,36.372174,-75.941224,5344,7.503043,0.950249,0.054188,5344.0,42.13743263473054,51.46882926829269,0.34655688622754494,1.0,5344.0,42.13743263473054,51.46882926829269,0.34655688622754494,1.0,0.0,0.0,0.0,0.0,travel_time_minutes,0.0,0.0,0.0,0.0,0.0,0.0,0.0,0.25010143333333335,0.950249,0.054188,0.40137167333333335,0.0,NONE
37055,Dare County,NC,35.606269,-75.767536,7809,6.62141,0.958442,0.101944,7809.0,25.738271225509028,39.79453066666667,0.08298117556665387,1.0,7809.0,25.738271225509028,39.79453066666667,0.08298117556665387,1.0,0.0,0.0,0.0,0.0,travel_time_minutes,0.0,0.0,0.0,0.0,0.0,0.0,0.0,0.22071366666666667,0.958442,0.101944,0.4064012666666666,0.0,NONE
37057,Davidson County,NC,35.795131,-80.207107,28950,12.847578,0.861102,0.20178,28950.0,15.036168221070811,23.08934232715009,0.0,1.0,28950.0,15.036168221070811,23.08934232715009,0.0,1.0,0.0,0.0,0.0,0.0,travel_time_minutes,0.0,0.0,0.0,0.0,0.0,0.0,0.0,0.42825260000000004,0.861102,0.20178,0.49016564,0.0,NONE
37059,Davie County,NC,35.929355,-80.542552,7822,9.39493,0.927279,0.368201,7822.0,16.65110201994375,25.920446715328467,0.0,1.0,7822.0,16.65110201994375,25.920446715328467,0.0,1.0,0.0,0.0,0.0,0.0,travel_time_minutes,0.0,0.0,0.0,0.0,0.0,0.0,0.0,0.3131643333333333,0.927279,0.368201,0.5139097333333332,0.0,NONE
37061,Duplin County,NC,34.934403,-77.933543,7992,20.463423,0.975859,0.349725,7992.0,21.625964714714716,26.670749999999998,0.0,1.0,7992.0,21.625964714714716,26.670749999999998,0.0,1.0,0.0,0.0,0.0,0.0,travel_time_minutes,0.0,0.0,0.0,0.0,0.0,0.0,0.0,0.6821141,0.975859,0.349725,0.67052084,0.0,NONE
37063,Durham County,NC,36.033828,-78.878125,46508,11.506238,0.477498,0.419725,46508.0,9.435010320805022,15.848211009174316,0.0,1.0,46508.0,9.435010320805022,15.848211009174316,0.0,1.0,0.0,0.0,0.0,0.0,travel_time_minutes,0.0,0.0,0.0,0.0,0.0,0.0,0.0,0.38354126666666666,0.477498,0.419725,0.4225834066666667,0.0,NONE
37065,Edgecombe County,NC,35.917077,-77.602742,8748,21.732866,0.959538,0.681234,8748.0,12.880081161408322,21.377299145299144,0.0,1.0,8748.0,12.880081161408322,21.377299145299144,0.0,1.0,0.0,0.0,0.0,0.0,travel_time_minutes,0.0,0.0,0.0,0.0,0.0,0.0,0.0,0.7244288666666667,0.959538,0.681234,0.7820031466666668,0.0,NONE
37067,Forsyth County,NC,36.132466,-80.256961,60900,14.518553,0.568545,0.382272,60900.0,10.140958456486045,16.043562005277046,0.0,1.0,60900.0,10.140958456486045,16.043562005277046,0.0,1.0,0.0,0.0,0.0,0.0,travel_time_minutes,0.0,0.0,0.0,0.0,0.0,0.0,0.0,0.48395176666666667,0.568545,0.382272,0.4788258066666667,0.0,NONE
37069,Franklin County,NC,36.088247,-78.283082,12343,11.055345,0.93459,0.192722,12343.0,18.08527181398363,23.604876794258374,0.0,1.0,12343.0,18.08527181398363,23.604876794258374,0.0,1.0,0.0,0.0,0.0,0.0,travel_time_minutes,0.0,0.0,0.0,0.0,0.0,0.0,0.0,0.36851150000000005,0.93459,0.192722,0.4855982,0.0,NONE
37071,Gaston County,NC,35.292834,-81.177364,37062,13.518876,0.702992,0.295114,37062.0,12.1635796772975,18.981806691449812,0.0,1.0,37062.0,12.1635796772975,18.981806691449812,0.0,1.0,0.0,0.0,0.0,0.0,travel_time_minutes,0.0,0.0,0.0,0.0,0.0,0.0,0.0,0.4506292,0.702992,0.295114,0.47968348000000005,0.0,NONE
37073,Gates County,NC,36.442135,-76.702355,2008,9.405892,0.989551,0.076049,2008.0,29.93771912350598,34.61538983050848,0.0,1.0,2008.0,29.93771912350598,34.61538983050848,0.0,1.0,0.0,0.0,0.0,0.0,travel_time_minutes,0.0,0.0,0.0,0.0,0.0,0.0,0.0,0.31352973333333334,0.989551,0.076049,0.4450918933333334,0.0,NONE
37075,Graham County,NC,35.348364,-83.830915,1399,6.696935,0.990832,0.722672,1399.0,33.78943531093638,39.449507936507935,0.0,1.0,1399.0,33.78943531093638,39.449507936507935,0.0,1.0,0.0,0.0,0.0,0.0,travel_time_minutes,0.0,0.0,0.0,0.0,0.0,0.0,0.0,0.22323116666666667,0.990832,0.722672,0.6033436666666667,0.0,NONE
37077,Granville County,NC,36.299884,-78.657634,10121,15.175138,0.951344,0.172186,10121.0,18.166445015314693,24.264321608040202,0.0,1.0,10121.0,18.166445015314693,24.264321608040202,0.0,1.0,0.0,0.0,0.0,0.0,travel_time_minutes,0.0,0.0,0.0,0.0,0.0,0.0,0.0,0.5058379333333334,0.951344,0.172186,0.5393941733333334,0.0,NONE
37079,Greene County,NC,35.481959,-77.681688,2916,21.046783,0.968466,0.350851,2916.0,11.447681755829905,16.696175334323925,0.0,1.0,2916.0,11.447681755829905,16.696175334323925,0.0,1.0,0.0,0.0,0.0,0.0,travel_time_minutes,0.0,0.0,0.0,0.0,0.0,0.0,0.0,0.7015594333333334,0.968466,0.350851,0.6764188733333334,0.0,NONE
37081,Guilford County,NC,36.079065,-79.788665,81575,14.575816,0.617458,0.420338,81575.0,9.853098130554706,18.766274944567638,0.0,1.0,81575.0,9.853098130554706,18.766274944567638,0.0,1.0,0.0,0.0,0.0,0.0,travel_time_minutes,0.0,0.0,0.0,0.0,0.0,0.0,0.0,0.48586053333333334,0.617458,0.420338,0.5056830133333333,0.0,NONE
37083,Halifax County,NC,36.251438,-77.644842,8626,22.817705,0.973439,0.605068,8626.0,23.295732668676095,40.03222011385199,0.023881289125898448,1.0,8626.0,23.295732668676095,40.03222011385199,0.023881289125898448,1.0,0.0,0.0,0.0,0.0,travel_time_minutes,0.0,0.0,0.0,0.0,0.0,0.0,0.0,0.7605901666666667,0.973439,0.605068,0.7777881666666667,0.0,NONE
37085,Harnett County,NC,35.36866,-78.871665,18158,13.74531,0.897017,0.196603,18158.0,19.159995594228437,32.2134024691358,0.0,1.0,18158.0,19.159995594228437,32.2134024691358,0.0,1.0,0.0,0.0,0.0,0.0,travel_time_minutes,0.0,0.0,0.0,0.0,0.0,0.0,0.0,0.458177,0.897017,0.196603,0.5113568,0.0,NONE
37087,Haywood County,NC,35.558882,-82.981307,12089,13.12504,0.951905,0.204824,12089.0,18.62685416494334,28.458745070422538,0.0,1.0,12089.0,18.62685416494334,28.458745070422538,0.0,1.0,0.0,0.0,0.0,0.0,travel_time_minutes,0.0,0.0,0.0,0.0,0.0,0.0,0.0,0.43750133333333335,0.951905,0.204824,0.5220192333333333,0.0,NONE
37089,Henderson County,NC,35.336427,-82.479583,22463,11.559691,0.858855,0.170366,22463.0,12.514606241374704,21.511044000000002,0.0,1.0,22463.0,12.514606241374704,21.511044000000002,0.0,1.0,0.0,0.0,0.0,0.0,travel_time_minutes,0.0,0.0,0.0,0.0,0.0,0.0,0.0,0.38532303333333334,0.858855,0.170366,0.46289551333333334,0.0,NONE
37091,Hertford County,NC,36.363517,-76.981616,3520,22.926722,0.977763,0.515094,3520.0,14.681755681818181,24.026172043010753,0.0,1.0,3520.0,14.681755681818181,24.026172043010753,0.0,1.0,0.0,0.0,0.0,0.0,travel_time_minutes,0.0,0.0,0.0,0.0,0.0,0.0,0.0,0.7642240666666668,0.977763,0.515094,0.7535467266666668,0.0,NONE
37093,Hoke County,NC,35.017233,-79.241964,6974,17.084424,0.940627,0.266759,6974.0,13.340771436765127,22.682509433962263,0.0,1.0,6974.0,13.340771436765127,22.682509433962263,0.0,1.0,0.0,0.0,0.0,0.0,travel_time_minutes,0.0,0.0,0.0,0.0,0.0,0.0,0.0,0.5694807999999999,0.940627,0.266759,0.59000812,0.0,NONE
37095,Hyde County,NC,35.408157,-76.153687,824,22.179586,1.0,0.76453,824.0,84.35495145631069,100.1598046511628,1.0,1.0,824.0,84.35495145631069,100.1598046511628,1.0,1.0,0.0,0.0,0.0,0.0,travel_time_minutes,0.0,0.0,0.0,0.0,0.0,0.0,0.0,0.7393195333333333,1.0,0.76453,0.8250868133333333,0.0,NONE
37097,Iredell County,NC,35.806251,-80.874524,31527,10.032898,0.847728,0.179649,31527.0,12.45622767786342,21.060973134328357,0.0,1.0,31527.0,12.45622767786342,21.060973134328357,0.0,1.0,0.0,0.0,0.0,0.0,travel_time_minutes,0.0,0.0,0.0,0.0,0.0,0.0,0.0,0.3344299333333333,0.847728,0.179649,0.4419850733333333,0.0,NONE
37099,Jackson County,NC,35.285454,-83.123966,6767,18.005554,0.962858,0.136733,6767.0,19.621380227574996,24.540947368421055,0.0,1.0,6767.0,19.621380227574996,24.540947368421055,0.0,1.0,0.0,0.0,0.0,0.0,travel_time_minutes,0.0,0.0,0.0,0.0,0.0,0.0,0.0,0.6001851333333333,0.962858,0.136733,0.5699513533333334,0.0,NONE
37101,Johnston County,NC,35.513419,-78.367348,34360,10.634919,0.868827,0.183975,34360.0,13.260128637951107,20.44167883211679,0.0,1.0,34360.0,13.260128637951107,20.44167883211679,0.0,1.0,0.0,0.0,0.0,0.0,travel_time_minutes,0.0,0.0,0.0,0.0,0.0,0.0,0.0,0.3544973,0.868827,0.183975,0.45763951999999997,0.0,NONE
37103,Jones County,NC,35.032268,-77.356195,1805,18.362688,0.994433,0.409015,1805.0,20.40354570637119,28.727661169415295,0.0,1.0,1805.0,20.40354570637119,28.727661169415295,0.0,1.0,0.0,0.0,0.0,0.0,travel_time_minutes,0.0,0.0,0.0,0.0,0.0,0.0,0.0,0.6120895999999999,0.994433,0.409015,0.66587024,0.0,NONE
37105,Lee County,NC,35.476336,-79.172117,10188,16.474569,0.886005,0.19782,10188.0,12.675756772673735,18.779401221995926,0.0,1.0,10188.0,12.675756772673735,18.779401221995926,0.0,1.0,0.0,0.0,0.0,0.0,travel_time_minutes,0.0,0.0,0.0,0.0,0.0,0.0,0.0,0.5491522999999999,0.886005,0.19782,0.54480842,0.0,NONE
37107,Lenoir County,NC,35.240066,-77.635514,9607,21.952258,0.940797,0.60913,9607.0,16.00714374934943,23.039195266272188,0.0,1.0,9607.0,16.00714374934943,23.039195266272188,0.0,1.0,0.0,0.0,0.0,0.0,travel_time_minutes,0.0,0.0,0.0,0.0,0.0,0.0,0.0,0.7317419333333334,0.940797,0.60913,0.7576748733333334,0.0,NONE
37109,Lincoln County,NC,35.488491,-81.226893,16361,11.246449,0.860816,0.154799,16361.0,12.616152435670191,20.208939070830162,0.0,1.0,16361.0,12.616152435670191,20.208939070830162,0.0,1.0,0.0,0.0,0.0,0.0,travel_time_minutes,0.0,0.0,0.0,0.0,0.0,0.0,0.0,0.37488163333333335,0.860816,0.154799,0.4546371533333333,0.0,NONE
37113,Macon County,NC,35.152959,-83.421901,7286,11.603786,0.969927,0.372587,7286.0,25.578749656876205,36.63706363636365,0.12077957727147955,1.0,7286.0,25.578749656876205,36.63706363636365,0.12077957727147955,1.0,0.0,0.0,0.0,0.0,travel_time_minutes,0.0,0.0,0.0,0.0,0.0,0.0,0.0,0.3867928666666666,0.969927,0.372587,0.5574713466666666,0.0,NONE
37115,Madison County,NC,35.864206,-82.712631,3862,12.123383,0.981283,0.248633,3862.0,24.07847747281201,48.46034634146342,0.19394096323148627,1.0,3862.0,24.07847747281201,48.46034634146342,0.19394096323148627,1.0,0.0,0.0,0.0,0.0,travel_time_minutes,0.0,0.0,0.0,0.0,0.0,0.0,0.0,0.4041127666666667,0.981283,0.248633,0.5306199066666667,0.0,NONE
37117,Martin County,NC,35.847301,-77.119602,4121,20.366541,0.981834,0.565305,4121.0,27.475712205775295,31.604255707762558,0.0,1.0,4121.0,27.475712205775295,31.604255707762558,0.0,1.0,0.0,0.0,0.0,0.0,travel_time_minutes,0.0,0.0,0.0,0.0,0.0,0.0,0.0,0.6788847,0.981834,0.565305,0.73569558,0.0,NONE
37111,McDowell County,NC,35.682268,-82.048045,7855,14.807754,0.957061,0.377582,7855.0,20.868645448758755,28.830585501858735,0.0,1.0,7855.0,20.868645448758755,28.830585501858735,0.0,1.0,0.0,0.0,0.0,0.0,travel_time_minutes,0.0,0.0,0.0,0.0,0.0,0.0,0.0,0.49359179999999997,0.957061,0.377582,0.59782962,0.0,NONE
37119,Mecklenburg County,NC,35.246862,-80.833832,152279,10.361531,0.0,0.351262,152279.0,8.351330715331727,12.48376612903226,0.0,1.0,152279.0,8.351330715331727,12.48376612903226,0.0,1.0,0.0,0.0,0.0,0.0,travel_time_minutes,0.0,0.0,0.0,0.0,0.0,0.0,0.0,0.34538436666666666,0.0,0.351262,0.24353234666666668,0.0,NONE
37121,Mitchell County,NC,36.013102,-82.163554,2865,12.918726,0.97258,0.527572,2865.0,17.210230366492144,25.223584070796466,0.0,1.0,2865.0,17.210230366492144,25.223584070796466,0.0,1.0,0.0,0.0,0.0,0.0,travel_time_minutes,0.0,0.0,0.0,0.0,0.0,0.0,0.0,0.43062419999999996,0.97258,0.527572,0.6222952799999999,0.0,NONE
37123,Montgomery County,NC,35.327548,-79.910752,4535,15.443848,0.979337,0.26618,4535.0,20.47050275633958,33.07753968253968,0.0,1.0,4535.0,20.47050275633958,33.07753968253968,0.0,1.0,0.0,0.0,0.0,0.0,travel_time_minutes,0.0,0.0,0.0,0.0,0.0,0.0,0.0,0.5147949333333333,0.979337,0.26618,0.5795730733333333,0.0,NONE
37125,Moore County,NC,35.308273,-79.492723,17353,10.074714,0.935008,0.222291,17353.0,16.239302137958852,25.073105263157895,0.0,1.0,17353.0,16.239302137958852,25.073105263157895,0.0,1.0,0.0,0.0,0.0,0.0,travel_time_minutes,0.0,0.0,0.0,0.0,0.0,0.0,0.0,0.3358238,0.935008,0.222291,0.48151922,0.0,NONE
37127,Nash County,NC,35.965945,-77.987555,16486,11.838802,0.922405,0.435005,16486.0,12.930812204294552,21.33966502463054,0.0,1.0,16486.0,12.930812204294552,21.33966502463054,0.0,1.0,0.0,0.0,0.0,0.0,travel_time_minutes,0.0,0.0,0.0,0.0,0.0,0.0,0.0,0.3946267333333333,0.922405,0.435005,0.5650736933333333,0.0,NONE
37129,New Hanover County,NC,34.183445,-77.864204,38598,12.293758,0.446601,0.33385,38598.0,10.30271128037722,17.558218097447796,0.0,1.0,38598.0,10.30271128037722,17.558218097447796,0.0,1.0,0.0,0.0,0.0,0.0,travel_time_minutes,0.0,0.0,0.0,0.0,0.0,0.0,0.0,0.40979193333333336,0.446601,0.33385,0.39805207333333337,0.0,NONE
37131,Northampton County,NC,36.421774,-77.398352,3514,21.106109,0.989058,0.439877,3514.0,40.10232214001138,48.20023529411765,0.19806488332384747,1.0,3514.0,40.10232214001138,48.20023529411765,0.19806488332384747,1.0,0.0,0.0,0.0,0.0,travel_time_minutes,0.0,0.0,0.0,0.0,0.0,0.0,0.0,0.7035369666666667,0.989058,0.439877,0.7100952866666667,0.0,NONE
37133,Onslow County,NC,34.763109,-77.499469,20261,11.592106,0.879278,0.227572,20261.0,18.841623809288784,40.62324320909666,0.0,1.0,20261.0,18.841623809288784,40.62324320909666,0.0,1.0,0.0,0.0,0.0,0.0,travel_time_minutes,0.0,0.0,0.0,0.0,0.0,0.0,0.0,0.3864035333333333,0.879278,0.227572,0.48661641333333333,0.0,NONE
37135,Orange County,NC,36.062525,-79.120033,21678,12.476915,0.832095,0.277951,21678.0,10.271818894731988,20.34119860627178,0.0,1.0,21678.0,10.271818894731988,20.34119860627178,0.0,1.0,0.0,0.0,0.0,0.0,travel_time_minutes,0.0,0.0,0.0,0.0,0.0,0.0,0.0,0.41589716666666665,0.832095,0.277951,0.4993726666666667,0.0,NONE
37137,Pamlico County,NC,35.147575,-76.665268,2666,15.150992,0.986659,0.164665,2666.0,46.568780945236306,63.951286908077996,0.3833458364591148,1.0,2666.0,46.568780945236306,63.951286908077996,0.3833458364591148,1.0,0.0,0.0,0.0,0.0,travel_time_minutes,0.0,0.0,0.0,0.0,0.0,0.0,0.0,0.5050330666666667,0.986659,0.164665,0.5474104266666667,0.0,NONE
37139,Pasquotank County,NC,36.265199,-76.260691,6379,11.039962,0.921517,0.339219,6379.0,10.905090139520302,18.59911627906977,0.0,1.0,6379.0,10.905090139520302,18.59911627906977,0.0,1.0,0.0,0.0,0.0,0.0,travel_time_minutes,0.0,0.0,0.0,0.0,0.0,0.0,0.0,0.3679987333333333,0.921517,0.339219,0.5254202933333333,0.0,NONE
37141,Pender County,NC,34.512556,-77.888106,10746,9.733962,0.96918,0.147524,10746.0,20.86131211613624,30.762276830491476,0.0,1.0,10746.0,20.86131211613624,30.762276830491476,0.0,1.0,0.0,0.0,0.0,0.0,travel_time_minutes,0.0,0.0,0.0,0.0,0.0,0.0,0.0,0.3244654,0.96918,0.147524,0.46479736000000005,0.0,NONE
37143,Perquimans County,NC,36.180897,-76.403244,2670,9.828381,0.979032,0.344795,2670.0,34.53142322097378,39.31373956594324,0.0,1.0,2670.0,34.53142322097378,39.31373956594324,0.0,1.0,0.0,0.0,0.0,0.0,travel_time_minutes,0.0,0.0,0.0,0.0,0.0,0.0,0.0,0.32761270000000003,0.979032,0.344795,0.52819318,0.0,NONE
37145,Person County,NC,36.386357,-78.965633,7130,17.489612,0.957553,0.274172,7130.0,16.262273492286113,22.276820866141737,0.0,1.0,7130.0,16.262273492286113,22.276820866141737,0.0,1.0,0.0,0.0,0.0,0.0,travel_time_minutes,0.0,0.0,0.0,0.0,0.0,0.0,0.0,0.5829870666666667,0.957553,0.274172,0.6027123266666666,0.0,NONE
37147,Pitt County,NC,35.59249,-77.372739,24002,19.838554,0.879823,0.599285,24002.0,12.990033747187736,21.718135275754427,0.0,1.0,24002.0,12.990033747187736,21.718135275754427,0.0,1.0,0.0,0.0,0.0,0.0,travel_time_minutes,0.0,0.0,0.0,0.0,0.0,0.0,0.0,0.6612851333333333,0.879823,0.599285,0.7082464533333332,0.0,NONE
37149,Polk County,NC,35.277901,-82.167621,4392,14.010427,0.965334,0.207673,4392.0,21.01795537340619,28.351548161120842,0.0,1.0,4392.0,21.01795537340619,28.351548161120842,0.0,1.0,0.0,0.0,0.0,0.0,travel_time_minutes,0.0,0.0,0.0,0.0,0.0,0.0,0.0,0.4670142333333333,0.965334,0.207673,0.5387077933333333,0.0,NONE
37151,Randolph County,NC,35.709915,-79.806215,23566,14.49636,0.918294,0.180545,23566.0,16.34737503182551,26.14322099447514,0.0,1.0,23566.0,16.34737503182551,26.14322099447514,0.0,1.0,0.0,0.0,0.0,0.0,travel_time_minutes,0.0,0.0,0.0,0.0,0.0,0.0,0.0,0.483212,0.918294,0.180545,0.5229365,0.0,NONE
37153,Richmond County,NC,35.004636,-79.755695,6818,25.223112,0.962737,0.737785,6818.0,13.636936051628043,23.659040000000005,0.0,1.0,6818.0,13.636936051628043,23.659040000000005,0.0,1.0,0.0,0.0,0.0,0.0,travel_time_minutes,0.0,0.0,0.0,0.0,0.0,0.0,0.0,0.8407704,0.962737,0.737785,0.84646476,0.0,NONE
37155,Robeson County,NC,34.63921,-79.100881,17488,27.228705,0.94726,0.51686,17488.0,21.34338860933211,32.87528046989721,0.0,1.0,17488.0,21.34338860933211,32.87528046989721,0.0,1.0,0.0,0.0,0.0,0.0,travel_time_minutes,0.0,0.0,0.0,0.0,0.0,0.0,0.0,0.9076235,0.94726,0.51686,0.8022854,0.0,NONE
37157,Rockingham County,NC,36.381806,-79.782754,16654,16.280102,0.9293,0.416764,16654.0,16.72901284976582,32.23367419962335,0.0,1.0,16654.0,16.72901284976582,32.23367419962335,0.0,1.0,0.0,0.0,0.0,0.0,travel_time_minutes,0.0,0.0,0.0,0.0,0.0,0.0,0.0,0.5426700666666666,0.9293,0.416764,0.6208872266666667,0.0,NONE
37159,Rowan County,NC,35.641355,-80.521721,24145,15.993562,0.870116,0.400401,24145.0,14.648652723131084,21.61693166885677,0.0,1.0,24145.0,14.648652723131084,21.61693166885677,0.0,1.0,0.0,0.0,0.0,0.0,travel_time_minutes,0.0,0.0,0.0,0.0,0.0,0.0,0.0,0.5331187333333334,0.870116,0.400401,0.5944025933333333,0.0,NONE
37161,Rutherford County,NC,35.402747,-81.919582,11737,16.750432,0.951162,0.290798,11737.0,20.18266848428048,29.516104000000006,0.0,1.0,11737.0,20.18266848428048,29.516104000000006,0.0,1.0,0.0,0.0,0.0,0.0,travel_time_minutes,0.0,0.0,0.0,0.0,0.0,0.0,0.0,0.5583477333333333,0.951162,0.290798,0.5959270933333333,0.0,NONE
37163,Sampson County,NC,34.989298,-78.371261,9200,21.817464,0.974806,0.266449,9200.0,19.629414130434782,28.545564903846156,0.0,1.0,9200.0,19.629414130434782,28.545564903846156,0.0,1.0,0.0,0.0,0.0,0.0,travel_time_minutes,0.0,0.0,0.0,0.0,0.0,0.0,0.0,0.7272488,0.974806,0.266449,0.66327602,0.0,NONE
37165,Scotland County,NC,34.840023,-79.477337,5235,25.811818,0.955521,0.74083,5235.0,13.785247373447948,18.636962134251295,0.0,1.0,5235.0,13.785247373447948,18.636962134251295,0.0,1.0,0.0,0.0,0.0,0.0,travel_time_minutes,0.0,0.0,0.0,0.0,0.0,0.0,0.0,0.8603939333333332,0.955521,0.74083,0.8530628733333333,0.0,NONE
37167,Stanly County,NC,35.310449,-80.254374,10309,15.24688,0.928953,0.323231,10309.0,13.106811523911146,20.139482935153584,0.0,1.0,10309.0,13.106811523911146,20.139482935153584,0.0,1.0,0.0,0.0,0.0,0.0,travel_time_minutes,0.0,0.0,0.0,0.0,0.0,0.0,0.0,0.5082293333333333,0.928953,0.323231,0.5789469333333334,0.0,NONE
37169,Stokes County,NC,36.393797,-80.269921,8668,11.166941,0.957701,0.249162,8668.0,32.55539340101522,46.481638436482086,0.2336179049377019,1.0,8668.0,32.55539340101522,46.481638436482086,0.2336179049377019,1.0,0.0,0.0,0.0,0.0,travel_time_minutes,0.0,0.0,0.0,0.0,0.0,0.0,0.0,0.3722313666666667,0.957701,0.249162,0.5109514466666667,0.0,NONE
37171,Surry County,NC,36.415416,-80.686463,12314,16.817607,0.942397,0.267481,12314.0,16.08701153159006,24.47761904761905,0.04385252558063992,1.0,12314.0,16.08701153159006,24.47761904761905,0.04385252558063992,1.0,0.0,0.0,0.0,0.0,travel_time_minutes,0.0,0.0,0.0,0.0,0.0,0.0,0.0,0.5605869,0.942397,0.267481,0.58719816,0.0,NONE
37173,Swain County,NC,35.568849,-83.465614,2462,19.107812,0.99133,0.410277,2462.0,17.84190089358245,26.32453442622951,0.0,1.0,2462.0,17.84190089358245,26.32453442622951,0.0,1.0,0.0,0.0,0.0,0.0,travel_time_minutes,0.0,0.0,0.0,0.0,0.0,0.0,0.0,0.6369270666666667,0.99133,0.410277,0.6752529266666667,0.0,NONE
37175,Transylvania County,NC,35.210103,-82.816666,6659,13.209106,0.962895,0.251415,6659.0,22.956798318065776,35.36456944444445,0.0,1.0,6659.0,22.956798318065776,35.36456944444445,0.0,1.0,0.0,0.0,0.0,0.0,travel_time_minutes,0.0,0.0,0.0,0.0,0.0,0.0,0.0,0.44030353333333333,0.962895,0.251415,0.5404144133333333,0.0,NONE
37177,Tyrrell County,NC,35.87042,-76.165345,531,18.708389,0.999427,0.736383,531.0,60.18,60.18,1.0,1.0,531.0,60.18,60.18,1.0,1.0,0.0,0.0,0.0,0.0,travel_time_minutes,0.0,0.0,0.0,0.0,0.0,0.0,0.0,0.6236129666666667,0.999427,0.736383,0.7701881866666667,0.0,NONE
37179,Union County,NC,34.99182,-80.530426,36133,7.682656,0.822943,0.07761,36133.0,14.536214817479868,24.217217948717952,0.0,1.0,36133.0,14.536214817479868,24.217217948717952,0.0,1.0,0.0,0.0,0.0,0.0,travel_time_minutes,0.0,0.0,0.0,0.0,0.0,0.0,0.0,0.2560885333333333,0.822943,0.07761,0.3726013133333333,0.0,NONE
37181,Vance County,NC,36.365481,-78.405434,7135,19.791021,0.927115,0.525079,7135.0,12.713666433076385,19.208354755784065,0.0,1.0,7135.0,12.713666433076385,19.208354755784065,0.0,1.0,0.0,0.0,0.0,0.0,travel_time_minutes,0.0,0.0,0.0,0.0,0.0,0.0,0.0,0.6597007,0.927115,0.525079,0.69953848,0.0,NONE
37183,Wake County,NC,35.789846,-78.650624,161171,8.129155,0.360827,0.236736,161171.0,7.6396723976397745,12.360766369047619,0.0,1.0,161171.0,7.6396723976397745,12.360766369047619,0.0,1.0,0.0,0.0,0.0,0.0,travel_time_minutes,0.0,0.0,0.0,0.0,0.0,0.0,0.0,0.27097183333333336,0.360827,0.236736,0.28765763333333333,0.0,NONE
37185,Warren County,NC,36.398105,-78.099899,3612,21.104863,0.983496,0.491845,3612.0,35.049734219269105,49.40182445141066,0.3020487264673311,1.0,3612.0,35.049734219269105,49.40182445141066,0.3020487264673311,1.0,0.0,0.0,0.0,0.0,travel_time_minutes,0.0,0.0,0.0,0.0,0.0,0.0,0.0,0.7034954333333334,0.983496,0.491845,0.7240004733333334,0.0,NONE
37187,Washington County,NC,35.844713,-76.572291,2300,24.069479,0.989215,1.0,2300.0,14.317282608695653,20.16487972508591,0.0,1.0,2300.0,14.317282608695653,20.16487972508591,0.0,1.0,0.0,0.0,0.0,0.0,travel_time_minutes,0.0,0.0,0.0,0.0,0.0,0.0,0.0,0.8023159666666667,0.989215,1.0,0.9176908866666666,0.0,NONE
37189,Watauga County,NC,36.235368,-81.709888,7463,25.454882,0.923135,0.235812,7463.0,19.026339273750505,30.2323080872914,0.0,1.0,7463.0,19.026339273750505,30.2323080872914,0.0,1.0,0.0,0.0,0.0,0.0,travel_time_minutes,0.0,0.0,0.0,0.0,0.0,0.0,0.0,0.8484960666666667,0.923135,0.235812,0.6870825266666667,0.0,NONE
37191,Wayne County,NC,35.35419,-78.00867,17888,17.334577,0.905946,0.429707,17888.0,12.685085532200358,19.820864864864866,0.0,1.0,17888.0,12.685085532200358,19.820864864864866,0.0,1.0,0.0,0.0,0.0,0.0,travel_time_minutes,0.0,0.0,0.0,0.0,0.0,0.0,0.0,0.5778192333333333,0.905946,0.429707,0.6318235933333334,0.0,NONE
37193,Wilkes County,NC,36.208883,-81.166095,11424,16.728066,0.963605,0.345493,11424.0,21.809915091036416,34.9376332094176,0.0,1.0,11424.0,21.809915091036416,34.9376332094176,0.0,1.0,0.0,0.0,0.0,0.0,travel_time_minutes,0.0,0.0,0.0,0.0,0.0,0.0,0.0,0.5576021999999999,0.963605,0.345493,0.61577028,0.0,NONE
37195,Wilson County,NC,35.700357,-77.921598,13059,19.796154,0.90526,0.44388,13059.0,7.441483268244123,14.710372712146421,0.0,1.0,13059.0,7.441483268244123,14.710372712146421,0.0,1.0,0.0,0.0,0.0,0.0,travel_time_minutes,0.0,0.0,0.0,0.0,0.0,0.0,0.0,0.6598718,0.90526,0.44388,0.6686907200000001,0.0,NONE
37197,Yadkin County,NC,36.158765,-80.665164,6598,13.978495,0.952368,0.297333,6598.0,23.75440436495908,29.06866741826381,0.0,1.0,6598.0,23.75440436495908,29.06866741826381,0.0,1.0,0.0,0.0,0.0,0.0,travel_time_minutes,0.0,0.0,0.0,0.0,0.0,0.0,0.0,0.46594983333333334,0.952368,0.297333,0.5612902333333334,0.0,NONE
37199,Yancey County,NC,35.889326,-82.303954,3642,15.170826,0.976051,0.255994,3642.0,35.22239154310818,39.831158699808796,0.0,1.0,3642.0,35.22239154310818,39.831158699808796,0.0,1.0,0.0,0.0,0.0,0.0,travel_time_minutes,0.0,0.0,0.0,0.0,0.0,0.0,0.0,0.5056942,0.976051,0.255994,0.57189118,0.0,NONE
